sample	type	platform	barcode	machine	flowcell	lane	fastq1	fastq2	adapter
46965	N	Illumina	AACGTTCCAT+AGTACTCCGT	@A00181	HKCL2DSX7	L001	/beegfs-storage/projects/wp4/nobackup/DDS_downloads/DataDelivery_2023-08-22_16-10-05_snpseq00449/files/WD-3649/230818_A00181_0673_AHKCL2DSX7/Sample_WD-3649-46965/WD-3649-46965_S4_L001_R1_001.fastq.gz	/beegfs-storage/projects/wp4/nobackup/DDS_downloads/DataDelivery_2023-08-22_16-10-05_snpseq00449/files/WD-3649/230818_A00181_0673_AHKCL2DSX7/Sample_WD-3649-46965/WD-3649-46965_S4_L001_R2_001.fastq.gz	AGATCGGAAGAGCACACGTCTGAACTCCAGTCA,AGATCGGAAGAGCGTCGTGTAGGGAAAGAGTGT
46965	N	Illumina	AACGTTCCAT+AGTACTCCGT	@A00181	HKCL2DSX7	L002	/beegfs-storage/projects/wp4/nobackup/DDS_downloads/DataDelivery_2023-08-22_16-10-05_snpseq00449/files/WD-3649/230818_A00181_0673_AHKCL2DSX7/Sample_WD-3649-46965/WD-3649-46965_S4_L002_R1_001.fastq.gz	/beegfs-storage/projects/wp4/nobackup/DDS_downloads/DataDelivery_2023-08-22_16-10-05_snpseq00449/files/WD-3649/230818_A00181_0673_AHKCL2DSX7/Sample_WD-3649-46965/WD-3649-46965_S4_L002_R2_001.fastq.gz	AGATCGGAAGAGCACACGTCTGAACTCCAGTCA,AGATCGGAAGAGCGTCGTGTAGGGAAAGAGTGT
46965	N	Illumina	AACGTTCCAT+AGTACTCCGT	@A00181	HKCL2DSX7	L003	/beegfs-storage/projects/wp4/nobackup/DDS_downloads/DataDelivery_2023-08-22_16-10-05_snpseq00449/files/WD-3649/230818_A00181_0673_AHKCL2DSX7/Sample_WD-3649-46965/WD-3649-46965_S4_L003_R1_001.fastq.gz	/beegfs-storage/projects/wp4/nobackup/DDS_downloads/DataDelivery_2023-08-22_16-10-05_snpseq00449/files/WD-3649/230818_A00181_0673_AHKCL2DSX7/Sample_WD-3649-46965/WD-3649-46965_S4_L003_R2_001.fastq.gz	AGATCGGAAGAGCACACGTCTGAACTCCAGTCA,AGATCGGAAGAGCGTCGTGTAGGGAAAGAGTGT
46965	N	Illumina	AACGTTCCAT+AGTACTCCGT	@A00181	HKCL2DSX7	L004	/beegfs-storage/projects/wp4/nobackup/DDS_downloads/DataDelivery_2023-08-22_16-10-05_snpseq00449/files/WD-3649/230818_A00181_0673_AHKCL2DSX7/Sample_WD-3649-46965/WD-3649-46965_S4_L004_R1_001.fastq.gz	/beegfs-storage/projects/wp4/nobackup/DDS_downloads/DataDelivery_2023-08-22_16-10-05_snpseq00449/files/WD-3649/230818_A00181_0673_AHKCL2DSX7/Sample_WD-3649-46965/WD-3649-46965_S4_L004_R2_001.fastq.gz	AGATCGGAAGAGCACACGTCTGAACTCCAGTCA,AGATCGGAAGAGCGTCGTGTAGGGAAAGAGTGT
63123	N	Illumina	TCCAACGCAT+AAGTCCAAGT	@A00181	HKCL2DSX7	L001	/beegfs-storage/projects/wp4/nobackup/DDS_downloads/DataDelivery_2023-08-22_16-10-05_snpseq00449/files/WD-3649/230818_A00181_0673_AHKCL2DSX7/Sample_WD-3649-63123/WD-3649-63123_S10_L001_R1_001.fastq.gz	/beegfs-storage/projects/wp4/nobackup/DDS_downloads/DataDelivery_2023-08-22_16-10-05_snpseq00449/files/WD-3649/230818_A00181_0673_AHKCL2DSX7/Sample_WD-3649-63123/WD-3649-63123_S10_L001_R2_001.fastq.gz	AGATCGGAAGAGCACACGTCTGAACTCCAGTCA,AGATCGGAAGAGCGTCGTGTAGGGAAAGAGTGT
63123	N	Illumina	TCCAACGCAT+AAGTCCAAGT	@A00181	HKCL2DSX7	L002	/beegfs-storage/projects/wp4/nobackup/DDS_downloads/DataDelivery_2023-08-22_16-10-05_snpseq00449/files/WD-3649/230818_A00181_0673_AHKCL2DSX7/Sample_WD-3649-63123/WD-3649-63123_S10_L002_R1_001.fastq.gz	/beegfs-storage/projects/wp4/nobackup/DDS_downloads/DataDelivery_2023-08-22_16-10-05_snpseq00449/files/WD-3649/230818_A00181_0673_AHKCL2DSX7/Sample_WD-3649-63123/WD-3649-63123_S10_L002_R2_001.fastq.gz	AGATCGGAAGAGCACACGTCTGAACTCCAGTCA,AGATCGGAAGAGCGTCGTGTAGGGAAAGAGTGT
63123	N	Illumina	TCCAACGCAT+AAGTCCAAGT	@A00181	HKCL2DSX7	L003	/beegfs-storage/projects/wp4/nobackup/DDS_downloads/DataDelivery_2023-08-22_16-10-05_snpseq00449/files/WD-3649/230818_A00181_0673_AHKCL2DSX7/Sample_WD-3649-63123/WD-3649-63123_S10_L003_R1_001.fastq.gz	/beegfs-storage/projects/wp4/nobackup/DDS_downloads/DataDelivery_2023-08-22_16-10-05_snpseq00449/files/WD-3649/230818_A00181_0673_AHKCL2DSX7/Sample_WD-3649-63123/WD-3649-63123_S10_L003_R2_001.fastq.gz	AGATCGGAAGAGCACACGTCTGAACTCCAGTCA,AGATCGGAAGAGCGTCGTGTAGGGAAAGAGTGT
63123	N	Illumina	TCCAACGCAT+AAGTCCAAGT	@A00181	HKCL2DSX7	L004	/beegfs-storage/projects/wp4/nobackup/DDS_downloads/DataDelivery_2023-08-22_16-10-05_snpseq00449/files/WD-3649/230818_A00181_0673_AHKCL2DSX7/Sample_WD-3649-63123/WD-3649-63123_S10_L004_R1_001.fastq.gz	/beegfs-storage/projects/wp4/nobackup/DDS_downloads/DataDelivery_2023-08-22_16-10-05_snpseq00449/files/WD-3649/230818_A00181_0673_AHKCL2DSX7/Sample_WD-3649-63123/WD-3649-63123_S10_L004_R2_001.fastq.gz	AGATCGGAAGAGCACACGTCTGAACTCCAGTCA,AGATCGGAAGAGCGTCGTGTAGGGAAAGAGTGT
D19-05919	N	Illumina	GTCGGAGCAT+TTATAACCGT	@A00181	HKCL2DSX7	L001	/beegfs-storage/projects/wp4/nobackup/DDS_downloads/DataDelivery_2023-08-22_16-10-05_snpseq00449/files/WD-3649/230818_A00181_0673_AHKCL2DSX7/Sample_WD-3649-D19-05919/WD-3649-D19-05919_S8_L001_R1_001.fastq.gz	/beegfs-storage/projects/wp4/nobackup/DDS_downloads/DataDelivery_2023-08-22_16-10-05_snpseq00449/files/WD-3649/230818_A00181_0673_AHKCL2DSX7/Sample_WD-3649-D19-05919/WD-3649-D19-05919_S8_L001_R2_001.fastq.gz	AGATCGGAAGAGCACACGTCTGAACTCCAGTCA,AGATCGGAAGAGCGTCGTGTAGGGAAAGAGTGT
D19-05919	N	Illumina	GTCGGAGCAT+TTATAACCGT	@A00181	HKCL2DSX7	L002	/beegfs-storage/projects/wp4/nobackup/DDS_downloads/DataDelivery_2023-08-22_16-10-05_snpseq00449/files/WD-3649/230818_A00181_0673_AHKCL2DSX7/Sample_WD-3649-D19-05919/WD-3649-D19-05919_S8_L002_R1_001.fastq.gz	/beegfs-storage/projects/wp4/nobackup/DDS_downloads/DataDelivery_2023-08-22_16-10-05_snpseq00449/files/WD-3649/230818_A00181_0673_AHKCL2DSX7/Sample_WD-3649-D19-05919/WD-3649-D19-05919_S8_L002_R2_001.fastq.gz	AGATCGGAAGAGCACACGTCTGAACTCCAGTCA,AGATCGGAAGAGCGTCGTGTAGGGAAAGAGTGT
D19-05919	N	Illumina	GTCGGAGCAT+TTATAACCGT	@A00181	HKCL2DSX7	L003	/beegfs-storage/projects/wp4/nobackup/DDS_downloads/DataDelivery_2023-08-22_16-10-05_snpseq00449/files/WD-3649/230818_A00181_0673_AHKCL2DSX7/Sample_WD-3649-D19-05919/WD-3649-D19-05919_S8_L003_R1_001.fastq.gz	/beegfs-storage/projects/wp4/nobackup/DDS_downloads/DataDelivery_2023-08-22_16-10-05_snpseq00449/files/WD-3649/230818_A00181_0673_AHKCL2DSX7/Sample_WD-3649-D19-05919/WD-3649-D19-05919_S8_L003_R2_001.fastq.gz	AGATCGGAAGAGCACACGTCTGAACTCCAGTCA,AGATCGGAAGAGCGTCGTGTAGGGAAAGAGTGT
D19-05919	N	Illumina	GTCGGAGCAT+TTATAACCGT	@A00181	HKCL2DSX7	L004	/beegfs-storage/projects/wp4/nobackup/DDS_downloads/DataDelivery_2023-08-22_16-10-05_snpseq00449/files/WD-3649/230818_A00181_0673_AHKCL2DSX7/Sample_WD-3649-D19-05919/WD-3649-D19-05919_S8_L004_R1_001.fastq.gz	/beegfs-storage/projects/wp4/nobackup/DDS_downloads/DataDelivery_2023-08-22_16-10-05_snpseq00449/files/WD-3649/230818_A00181_0673_AHKCL2DSX7/Sample_WD-3649-D19-05919/WD-3649-D19-05919_S8_L004_R2_001.fastq.gz	AGATCGGAAGAGCACACGTCTGAACTCCAGTCA,AGATCGGAAGAGCGTCGTGTAGGGAAAGAGTGT
D21-07887	N	Illumina	CCGTGAAGAT+ATCCACTGGT	@A00181	HKCL2DSX7	L001	/beegfs-storage/projects/wp4/nobackup/DDS_downloads/DataDelivery_2023-08-22_16-10-05_snpseq00449/files/WD-3649/230818_A00181_0673_AHKCL2DSX7/Sample_WD-3649-D21-07887/WD-3649-D21-07887_S11_L001_R1_001.fastq.gz	/beegfs-storage/projects/wp4/nobackup/DDS_downloads/DataDelivery_2023-08-22_16-10-05_snpseq00449/files/WD-3649/230818_A00181_0673_AHKCL2DSX7/Sample_WD-3649-D21-07887/WD-3649-D21-07887_S11_L001_R2_001.fastq.gz	AGATCGGAAGAGCACACGTCTGAACTCCAGTCA,AGATCGGAAGAGCGTCGTGTAGGGAAAGAGTGT
D21-07887	N	Illumina	CCGTGAAGAT+ATCCACTGGT	@A00181	HKCL2DSX7	L002	/beegfs-storage/projects/wp4/nobackup/DDS_downloads/DataDelivery_2023-08-22_16-10-05_snpseq00449/files/WD-3649/230818_A00181_0673_AHKCL2DSX7/Sample_WD-3649-D21-07887/WD-3649-D21-07887_S11_L002_R1_001.fastq.gz	/beegfs-storage/projects/wp4/nobackup/DDS_downloads/DataDelivery_2023-08-22_16-10-05_snpseq00449/files/WD-3649/230818_A00181_0673_AHKCL2DSX7/Sample_WD-3649-D21-07887/WD-3649-D21-07887_S11_L002_R2_001.fastq.gz	AGATCGGAAGAGCACACGTCTGAACTCCAGTCA,AGATCGGAAGAGCGTCGTGTAGGGAAAGAGTGT
D21-07887	N	Illumina	CCGTGAAGAT+ATCCACTGGT	@A00181	HKCL2DSX7	L003	/beegfs-storage/projects/wp4/nobackup/DDS_downloads/DataDelivery_2023-08-22_16-10-05_snpseq00449/files/WD-3649/230818_A00181_0673_AHKCL2DSX7/Sample_WD-3649-D21-07887/WD-3649-D21-07887_S11_L003_R1_001.fastq.gz	/beegfs-storage/projects/wp4/nobackup/DDS_downloads/DataDelivery_2023-08-22_16-10-05_snpseq00449/files/WD-3649/230818_A00181_0673_AHKCL2DSX7/Sample_WD-3649-D21-07887/WD-3649-D21-07887_S11_L003_R2_001.fastq.gz	AGATCGGAAGAGCACACGTCTGAACTCCAGTCA,AGATCGGAAGAGCGTCGTGTAGGGAAAGAGTGT
D21-07887	N	Illumina	CCGTGAAGAT+ATCCACTGGT	@A00181	HKCL2DSX7	L004	/beegfs-storage/projects/wp4/nobackup/DDS_downloads/DataDelivery_2023-08-22_16-10-05_snpseq00449/files/WD-3649/230818_A00181_0673_AHKCL2DSX7/Sample_WD-3649-D21-07887/WD-3649-D21-07887_S11_L004_R1_001.fastq.gz	/beegfs-storage/projects/wp4/nobackup/DDS_downloads/DataDelivery_2023-08-22_16-10-05_snpseq00449/files/WD-3649/230818_A00181_0673_AHKCL2DSX7/Sample_WD-3649-D21-07887/WD-3649-D21-07887_S11_L004_R2_001.fastq.gz	AGATCGGAAGAGCACACGTCTGAACTCCAGTCA,AGATCGGAAGAGCGTCGTGTAGGGAAAGAGTGT
D22-05070	N	Illumina	GATTCTGCAT+CTCTCGTCGT	@A00181	HKCL2DSX7	L001	/beegfs-storage/projects/wp4/nobackup/DDS_downloads/DataDelivery_2023-08-22_16-10-05_snpseq00449/files/WD-3649/230818_A00181_0673_AHKCL2DSX7/Sample_WD-3649-D22-05070/WD-3649-D22-05070_S18_L001_R1_001.fastq.gz	/beegfs-storage/projects/wp4/nobackup/DDS_downloads/DataDelivery_2023-08-22_16-10-05_snpseq00449/files/WD-3649/230818_A00181_0673_AHKCL2DSX7/Sample_WD-3649-D22-05070/WD-3649-D22-05070_S18_L001_R2_001.fastq.gz	AGATCGGAAGAGCACACGTCTGAACTCCAGTCA,AGATCGGAAGAGCGTCGTGTAGGGAAAGAGTGT
D22-05070	N	Illumina	GATTCTGCAT+CTCTCGTCGT	@A00181	HKCL2DSX7	L002	/beegfs-storage/projects/wp4/nobackup/DDS_downloads/DataDelivery_2023-08-22_16-10-05_snpseq00449/files/WD-3649/230818_A00181_0673_AHKCL2DSX7/Sample_WD-3649-D22-05070/WD-3649-D22-05070_S18_L002_R1_001.fastq.gz	/beegfs-storage/projects/wp4/nobackup/DDS_downloads/DataDelivery_2023-08-22_16-10-05_snpseq00449/files/WD-3649/230818_A00181_0673_AHKCL2DSX7/Sample_WD-3649-D22-05070/WD-3649-D22-05070_S18_L002_R2_001.fastq.gz	AGATCGGAAGAGCACACGTCTGAACTCCAGTCA,AGATCGGAAGAGCGTCGTGTAGGGAAAGAGTGT
D22-05070	N	Illumina	GATTCTGCAT+CTCTCGTCGT	@A00181	HKCL2DSX7	L003	/beegfs-storage/projects/wp4/nobackup/DDS_downloads/DataDelivery_2023-08-22_16-10-05_snpseq00449/files/WD-3649/230818_A00181_0673_AHKCL2DSX7/Sample_WD-3649-D22-05070/WD-3649-D22-05070_S18_L003_R1_001.fastq.gz	/beegfs-storage/projects/wp4/nobackup/DDS_downloads/DataDelivery_2023-08-22_16-10-05_snpseq00449/files/WD-3649/230818_A00181_0673_AHKCL2DSX7/Sample_WD-3649-D22-05070/WD-3649-D22-05070_S18_L003_R2_001.fastq.gz	AGATCGGAAGAGCACACGTCTGAACTCCAGTCA,AGATCGGAAGAGCGTCGTGTAGGGAAAGAGTGT
D22-05070	N	Illumina	GATTCTGCAT+CTCTCGTCGT	@A00181	HKCL2DSX7	L004	/beegfs-storage/projects/wp4/nobackup/DDS_downloads/DataDelivery_2023-08-22_16-10-05_snpseq00449/files/WD-3649/230818_A00181_0673_AHKCL2DSX7/Sample_WD-3649-D22-05070/WD-3649-D22-05070_S18_L004_R1_001.fastq.gz	/beegfs-storage/projects/wp4/nobackup/DDS_downloads/DataDelivery_2023-08-22_16-10-05_snpseq00449/files/WD-3649/230818_A00181_0673_AHKCL2DSX7/Sample_WD-3649-D22-05070/WD-3649-D22-05070_S18_L004_R2_001.fastq.gz	AGATCGGAAGAGCACACGTCTGAACTCCAGTCA,AGATCGGAAGAGCGTCGTGTAGGGAAAGAGTGT
D22-08080	N	Illumina	CGTTAGAAAT+GACCTGAAGT	@A00181	HKCL2DSX7	L001	/beegfs-storage/projects/wp4/nobackup/DDS_downloads/DataDelivery_2023-08-22_16-10-05_snpseq00449/files/WD-3649/230818_A00181_0673_AHKCL2DSX7/Sample_WD-3649-D22-08080/WD-3649-D22-08080_S16_L001_R1_001.fastq.gz	/beegfs-storage/projects/wp4/nobackup/DDS_downloads/DataDelivery_2023-08-22_16-10-05_snpseq00449/files/WD-3649/230818_A00181_0673_AHKCL2DSX7/Sample_WD-3649-D22-08080/WD-3649-D22-08080_S16_L001_R2_001.fastq.gz	AGATCGGAAGAGCACACGTCTGAACTCCAGTCA,AGATCGGAAGAGCGTCGTGTAGGGAAAGAGTGT
D22-08080	N	Illumina	CGTTAGAAAT+GACCTGAAGT	@A00181	HKCL2DSX7	L002	/beegfs-storage/projects/wp4/nobackup/DDS_downloads/DataDelivery_2023-08-22_16-10-05_snpseq00449/files/WD-3649/230818_A00181_0673_AHKCL2DSX7/Sample_WD-3649-D22-08080/WD-3649-D22-08080_S16_L002_R1_001.fastq.gz	/beegfs-storage/projects/wp4/nobackup/DDS_downloads/DataDelivery_2023-08-22_16-10-05_snpseq00449/files/WD-3649/230818_A00181_0673_AHKCL2DSX7/Sample_WD-3649-D22-08080/WD-3649-D22-08080_S16_L002_R2_001.fastq.gz	AGATCGGAAGAGCACACGTCTGAACTCCAGTCA,AGATCGGAAGAGCGTCGTGTAGGGAAAGAGTGT
D22-08080	N	Illumina	CGTTAGAAAT+GACCTGAAGT	@A00181	HKCL2DSX7	L003	/beegfs-storage/projects/wp4/nobackup/DDS_downloads/DataDelivery_2023-08-22_16-10-05_snpseq00449/files/WD-3649/230818_A00181_0673_AHKCL2DSX7/Sample_WD-3649-D22-08080/WD-3649-D22-08080_S16_L003_R1_001.fastq.gz	/beegfs-storage/projects/wp4/nobackup/DDS_downloads/DataDelivery_2023-08-22_16-10-05_snpseq00449/files/WD-3649/230818_A00181_0673_AHKCL2DSX7/Sample_WD-3649-D22-08080/WD-3649-D22-08080_S16_L003_R2_001.fastq.gz	AGATCGGAAGAGCACACGTCTGAACTCCAGTCA,AGATCGGAAGAGCGTCGTGTAGGGAAAGAGTGT
D22-08080	N	Illumina	CGTTAGAAAT+GACCTGAAGT	@A00181	HKCL2DSX7	L004	/beegfs-storage/projects/wp4/nobackup/DDS_downloads/DataDelivery_2023-08-22_16-10-05_snpseq00449/files/WD-3649/230818_A00181_0673_AHKCL2DSX7/Sample_WD-3649-D22-08080/WD-3649-D22-08080_S16_L004_R1_001.fastq.gz	/beegfs-storage/projects/wp4/nobackup/DDS_downloads/DataDelivery_2023-08-22_16-10-05_snpseq00449/files/WD-3649/230818_A00181_0673_AHKCL2DSX7/Sample_WD-3649-D22-08080/WD-3649-D22-08080_S16_L004_R2_001.fastq.gz	AGATCGGAAGAGCACACGTCTGAACTCCAGTCA,AGATCGGAAGAGCGTCGTGTAGGGAAAGAGTGT
D23-03397	N	Illumina	ACTAAGATAT+CCGCGGTTGT	@A00181	HKCL2DSX7	L001	/beegfs-storage/projects/wp4/nobackup/DDS_downloads/DataDelivery_2023-08-22_16-10-05_snpseq00449/files/WD-3649/230818_A00181_0673_AHKCL2DSX7/Sample_WD-3649-D23-03397/WD-3649-D23-03397_S7_L001_R1_001.fastq.gz	/beegfs-storage/projects/wp4/nobackup/DDS_downloads/DataDelivery_2023-08-22_16-10-05_snpseq00449/files/WD-3649/230818_A00181_0673_AHKCL2DSX7/Sample_WD-3649-D23-03397/WD-3649-D23-03397_S7_L001_R2_001.fastq.gz	AGATCGGAAGAGCACACGTCTGAACTCCAGTCA,AGATCGGAAGAGCGTCGTGTAGGGAAAGAGTGT
D23-03397	N	Illumina	ACTAAGATAT+CCGCGGTTGT	@A00181	HKCL2DSX7	L002	/beegfs-storage/projects/wp4/nobackup/DDS_downloads/DataDelivery_2023-08-22_16-10-05_snpseq00449/files/WD-3649/230818_A00181_0673_AHKCL2DSX7/Sample_WD-3649-D23-03397/WD-3649-D23-03397_S7_L002_R1_001.fastq.gz	/beegfs-storage/projects/wp4/nobackup/DDS_downloads/DataDelivery_2023-08-22_16-10-05_snpseq00449/files/WD-3649/230818_A00181_0673_AHKCL2DSX7/Sample_WD-3649-D23-03397/WD-3649-D23-03397_S7_L002_R2_001.fastq.gz	AGATCGGAAGAGCACACGTCTGAACTCCAGTCA,AGATCGGAAGAGCGTCGTGTAGGGAAAGAGTGT
D23-03397	N	Illumina	ACTAAGATAT+CCGCGGTTGT	@A00181	HKCL2DSX7	L003	/beegfs-storage/projects/wp4/nobackup/DDS_downloads/DataDelivery_2023-08-22_16-10-05_snpseq00449/files/WD-3649/230818_A00181_0673_AHKCL2DSX7/Sample_WD-3649-D23-03397/WD-3649-D23-03397_S7_L003_R1_001.fastq.gz	/beegfs-storage/projects/wp4/nobackup/DDS_downloads/DataDelivery_2023-08-22_16-10-05_snpseq00449/files/WD-3649/230818_A00181_0673_AHKCL2DSX7/Sample_WD-3649-D23-03397/WD-3649-D23-03397_S7_L003_R2_001.fastq.gz	AGATCGGAAGAGCACACGTCTGAACTCCAGTCA,AGATCGGAAGAGCGTCGTGTAGGGAAAGAGTGT
D23-03397	N	Illumina	ACTAAGATAT+CCGCGGTTGT	@A00181	HKCL2DSX7	L004	/beegfs-storage/projects/wp4/nobackup/DDS_downloads/DataDelivery_2023-08-22_16-10-05_snpseq00449/files/WD-3649/230818_A00181_0673_AHKCL2DSX7/Sample_WD-3649-D23-03397/WD-3649-D23-03397_S7_L004_R1_001.fastq.gz	/beegfs-storage/projects/wp4/nobackup/DDS_downloads/DataDelivery_2023-08-22_16-10-05_snpseq00449/files/WD-3649/230818_A00181_0673_AHKCL2DSX7/Sample_WD-3649-D23-03397/WD-3649-D23-03397_S7_L004_R2_001.fastq.gz	AGATCGGAAGAGCACACGTCTGAACTCCAGTCA,AGATCGGAAGAGCGTCGTGTAGGGAAAGAGTGT
D23-04415	N	Illumina	TACCGAGGAT+AGTTCAGGGT	@A00181	HKCL2DSX7	L001	/beegfs-storage/projects/wp4/nobackup/DDS_downloads/DataDelivery_2023-08-22_16-10-05_snpseq00449/files/WD-3649/230818_A00181_0673_AHKCL2DSX7/Sample_WD-3649-D23-04415/WD-3649-D23-04415_S15_L001_R1_001.fastq.gz	/beegfs-storage/projects/wp4/nobackup/DDS_downloads/DataDelivery_2023-08-22_16-10-05_snpseq00449/files/WD-3649/230818_A00181_0673_AHKCL2DSX7/Sample_WD-3649-D23-04415/WD-3649-D23-04415_S15_L001_R2_001.fastq.gz	AGATCGGAAGAGCACACGTCTGAACTCCAGTCA,AGATCGGAAGAGCGTCGTGTAGGGAAAGAGTGT
D23-04415	N	Illumina	TACCGAGGAT+AGTTCAGGGT	@A00181	HKCL2DSX7	L002	/beegfs-storage/projects/wp4/nobackup/DDS_downloads/DataDelivery_2023-08-22_16-10-05_snpseq00449/files/WD-3649/230818_A00181_0673_AHKCL2DSX7/Sample_WD-3649-D23-04415/WD-3649-D23-04415_S15_L002_R1_001.fastq.gz	/beegfs-storage/projects/wp4/nobackup/DDS_downloads/DataDelivery_2023-08-22_16-10-05_snpseq00449/files/WD-3649/230818_A00181_0673_AHKCL2DSX7/Sample_WD-3649-D23-04415/WD-3649-D23-04415_S15_L002_R2_001.fastq.gz	AGATCGGAAGAGCACACGTCTGAACTCCAGTCA,AGATCGGAAGAGCGTCGTGTAGGGAAAGAGTGT
D23-04415	N	Illumina	TACCGAGGAT+AGTTCAGGGT	@A00181	HKCL2DSX7	L003	/beegfs-storage/projects/wp4/nobackup/DDS_downloads/DataDelivery_2023-08-22_16-10-05_snpseq00449/files/WD-3649/230818_A00181_0673_AHKCL2DSX7/Sample_WD-3649-D23-04415/WD-3649-D23-04415_S15_L003_R1_001.fastq.gz	/beegfs-storage/projects/wp4/nobackup/DDS_downloads/DataDelivery_2023-08-22_16-10-05_snpseq00449/files/WD-3649/230818_A00181_0673_AHKCL2DSX7/Sample_WD-3649-D23-04415/WD-3649-D23-04415_S15_L003_R2_001.fastq.gz	AGATCGGAAGAGCACACGTCTGAACTCCAGTCA,AGATCGGAAGAGCGTCGTGTAGGGAAAGAGTGT
D23-04415	N	Illumina	TACCGAGGAT+AGTTCAGGGT	@A00181	HKCL2DSX7	L004	/beegfs-storage/projects/wp4/nobackup/DDS_downloads/DataDelivery_2023-08-22_16-10-05_snpseq00449/files/WD-3649/230818_A00181_0673_AHKCL2DSX7/Sample_WD-3649-D23-04415/WD-3649-D23-04415_S15_L004_R1_001.fastq.gz	/beegfs-storage/projects/wp4/nobackup/DDS_downloads/DataDelivery_2023-08-22_16-10-05_snpseq00449/files/WD-3649/230818_A00181_0673_AHKCL2DSX7/Sample_WD-3649-D23-04415/WD-3649-D23-04415_S15_L004_R2_001.fastq.gz	AGATCGGAAGAGCACACGTCTGAACTCCAGTCA,AGATCGGAAGAGCGTCGTGTAGGGAAAGAGTGT
D23-04874	N	Illumina	TTACAGGAAT+GCTTGTCAGT	@A00181	HKCL2DSX7	L001	/beegfs-storage/projects/wp4/nobackup/DDS_downloads/DataDelivery_2023-08-22_16-10-05_snpseq00449/files/WD-3649/230818_A00181_0673_AHKCL2DSX7/Sample_WD-3649-D23-04874/WD-3649-D23-04874_S12_L001_R1_001.fastq.gz	/beegfs-storage/projects/wp4/nobackup/DDS_downloads/DataDelivery_2023-08-22_16-10-05_snpseq00449/files/WD-3649/230818_A00181_0673_AHKCL2DSX7/Sample_WD-3649-D23-04874/WD-3649-D23-04874_S12_L001_R2_001.fastq.gz	AGATCGGAAGAGCACACGTCTGAACTCCAGTCA,AGATCGGAAGAGCGTCGTGTAGGGAAAGAGTGT
D23-04874	N	Illumina	TTACAGGAAT+GCTTGTCAGT	@A00181	HKCL2DSX7	L002	/beegfs-storage/projects/wp4/nobackup/DDS_downloads/DataDelivery_2023-08-22_16-10-05_snpseq00449/files/WD-3649/230818_A00181_0673_AHKCL2DSX7/Sample_WD-3649-D23-04874/WD-3649-D23-04874_S12_L002_R1_001.fastq.gz	/beegfs-storage/projects/wp4/nobackup/DDS_downloads/DataDelivery_2023-08-22_16-10-05_snpseq00449/files/WD-3649/230818_A00181_0673_AHKCL2DSX7/Sample_WD-3649-D23-04874/WD-3649-D23-04874_S12_L002_R2_001.fastq.gz	AGATCGGAAGAGCACACGTCTGAACTCCAGTCA,AGATCGGAAGAGCGTCGTGTAGGGAAAGAGTGT
D23-04874	N	Illumina	TTACAGGAAT+GCTTGTCAGT	@A00181	HKCL2DSX7	L003	/beegfs-storage/projects/wp4/nobackup/DDS_downloads/DataDelivery_2023-08-22_16-10-05_snpseq00449/files/WD-3649/230818_A00181_0673_AHKCL2DSX7/Sample_WD-3649-D23-04874/WD-3649-D23-04874_S12_L003_R1_001.fastq.gz	/beegfs-storage/projects/wp4/nobackup/DDS_downloads/DataDelivery_2023-08-22_16-10-05_snpseq00449/files/WD-3649/230818_A00181_0673_AHKCL2DSX7/Sample_WD-3649-D23-04874/WD-3649-D23-04874_S12_L003_R2_001.fastq.gz	AGATCGGAAGAGCACACGTCTGAACTCCAGTCA,AGATCGGAAGAGCGTCGTGTAGGGAAAGAGTGT
D23-04874	N	Illumina	TTACAGGAAT+GCTTGTCAGT	@A00181	HKCL2DSX7	L004	/beegfs-storage/projects/wp4/nobackup/DDS_downloads/DataDelivery_2023-08-22_16-10-05_snpseq00449/files/WD-3649/230818_A00181_0673_AHKCL2DSX7/Sample_WD-3649-D23-04874/WD-3649-D23-04874_S12_L004_R1_001.fastq.gz	/beegfs-storage/projects/wp4/nobackup/DDS_downloads/DataDelivery_2023-08-22_16-10-05_snpseq00449/files/WD-3649/230818_A00181_0673_AHKCL2DSX7/Sample_WD-3649-D23-04874/WD-3649-D23-04874_S12_L004_R2_001.fastq.gz	AGATCGGAAGAGCACACGTCTGAACTCCAGTCA,AGATCGGAAGAGCGTCGTGTAGGGAAAGAGTGT
D23-04875	N	Illumina	GGCATTCTAT+CAAGCTAGGT	@A00181	HKCL2DSX7	L001	/beegfs-storage/projects/wp4/nobackup/DDS_downloads/DataDelivery_2023-08-22_16-10-05_snpseq00449/files/WD-3649/230818_A00181_0673_AHKCL2DSX7/Sample_WD-3649-D23-04875/WD-3649-D23-04875_S13_L001_R1_001.fastq.gz	/beegfs-storage/projects/wp4/nobackup/DDS_downloads/DataDelivery_2023-08-22_16-10-05_snpseq00449/files/WD-3649/230818_A00181_0673_AHKCL2DSX7/Sample_WD-3649-D23-04875/WD-3649-D23-04875_S13_L001_R2_001.fastq.gz	AGATCGGAAGAGCACACGTCTGAACTCCAGTCA,AGATCGGAAGAGCGTCGTGTAGGGAAAGAGTGT
D23-04875	N	Illumina	GGCATTCTAT+CAAGCTAGGT	@A00181	HKCL2DSX7	L002	/beegfs-storage/projects/wp4/nobackup/DDS_downloads/DataDelivery_2023-08-22_16-10-05_snpseq00449/files/WD-3649/230818_A00181_0673_AHKCL2DSX7/Sample_WD-3649-D23-04875/WD-3649-D23-04875_S13_L002_R1_001.fastq.gz	/beegfs-storage/projects/wp4/nobackup/DDS_downloads/DataDelivery_2023-08-22_16-10-05_snpseq00449/files/WD-3649/230818_A00181_0673_AHKCL2DSX7/Sample_WD-3649-D23-04875/WD-3649-D23-04875_S13_L002_R2_001.fastq.gz	AGATCGGAAGAGCACACGTCTGAACTCCAGTCA,AGATCGGAAGAGCGTCGTGTAGGGAAAGAGTGT
D23-04875	N	Illumina	GGCATTCTAT+CAAGCTAGGT	@A00181	HKCL2DSX7	L003	/beegfs-storage/projects/wp4/nobackup/DDS_downloads/DataDelivery_2023-08-22_16-10-05_snpseq00449/files/WD-3649/230818_A00181_0673_AHKCL2DSX7/Sample_WD-3649-D23-04875/WD-3649-D23-04875_S13_L003_R1_001.fastq.gz	/beegfs-storage/projects/wp4/nobackup/DDS_downloads/DataDelivery_2023-08-22_16-10-05_snpseq00449/files/WD-3649/230818_A00181_0673_AHKCL2DSX7/Sample_WD-3649-D23-04875/WD-3649-D23-04875_S13_L003_R2_001.fastq.gz	AGATCGGAAGAGCACACGTCTGAACTCCAGTCA,AGATCGGAAGAGCGTCGTGTAGGGAAAGAGTGT
D23-04875	N	Illumina	GGCATTCTAT+CAAGCTAGGT	@A00181	HKCL2DSX7	L004	/beegfs-storage/projects/wp4/nobackup/DDS_downloads/DataDelivery_2023-08-22_16-10-05_snpseq00449/files/WD-3649/230818_A00181_0673_AHKCL2DSX7/Sample_WD-3649-D23-04875/WD-3649-D23-04875_S13_L004_R1_001.fastq.gz	/beegfs-storage/projects/wp4/nobackup/DDS_downloads/DataDelivery_2023-08-22_16-10-05_snpseq00449/files/WD-3649/230818_A00181_0673_AHKCL2DSX7/Sample_WD-3649-D23-04875/WD-3649-D23-04875_S13_L004_R2_001.fastq.gz	AGATCGGAAGAGCACACGTCTGAACTCCAGTCA,AGATCGGAAGAGCGTCGTGTAGGGAAAGAGTGT
D23-04889	N	Illumina	ATGTAAGTAT+CATAGAGTGT	@A00181	HKCL2DSX7	L001	/beegfs-storage/projects/wp4/nobackup/DDS_downloads/DataDelivery_2023-08-22_16-10-05_snpseq00449/files/WD-3649/230818_A00181_0673_AHKCL2DSX7/Sample_WD-3649-D23-04889/WD-3649-D23-04889_S1_L001_R1_001.fastq.gz	/beegfs-storage/projects/wp4/nobackup/DDS_downloads/DataDelivery_2023-08-22_16-10-05_snpseq00449/files/WD-3649/230818_A00181_0673_AHKCL2DSX7/Sample_WD-3649-D23-04889/WD-3649-D23-04889_S1_L001_R2_001.fastq.gz	AGATCGGAAGAGCACACGTCTGAACTCCAGTCA,AGATCGGAAGAGCGTCGTGTAGGGAAAGAGTGT
D23-04889	N	Illumina	ATGTAAGTAT+CATAGAGTGT	@A00181	HKCL2DSX7	L002	/beegfs-storage/projects/wp4/nobackup/DDS_downloads/DataDelivery_2023-08-22_16-10-05_snpseq00449/files/WD-3649/230818_A00181_0673_AHKCL2DSX7/Sample_WD-3649-D23-04889/WD-3649-D23-04889_S1_L002_R1_001.fastq.gz	/beegfs-storage/projects/wp4/nobackup/DDS_downloads/DataDelivery_2023-08-22_16-10-05_snpseq00449/files/WD-3649/230818_A00181_0673_AHKCL2DSX7/Sample_WD-3649-D23-04889/WD-3649-D23-04889_S1_L002_R2_001.fastq.gz	AGATCGGAAGAGCACACGTCTGAACTCCAGTCA,AGATCGGAAGAGCGTCGTGTAGGGAAAGAGTGT
D23-04889	N	Illumina	ATGTAAGTAT+CATAGAGTGT	@A00181	HKCL2DSX7	L003	/beegfs-storage/projects/wp4/nobackup/DDS_downloads/DataDelivery_2023-08-22_16-10-05_snpseq00449/files/WD-3649/230818_A00181_0673_AHKCL2DSX7/Sample_WD-3649-D23-04889/WD-3649-D23-04889_S1_L003_R1_001.fastq.gz	/beegfs-storage/projects/wp4/nobackup/DDS_downloads/DataDelivery_2023-08-22_16-10-05_snpseq00449/files/WD-3649/230818_A00181_0673_AHKCL2DSX7/Sample_WD-3649-D23-04889/WD-3649-D23-04889_S1_L003_R2_001.fastq.gz	AGATCGGAAGAGCACACGTCTGAACTCCAGTCA,AGATCGGAAGAGCGTCGTGTAGGGAAAGAGTGT
D23-04889	N	Illumina	ATGTAAGTAT+CATAGAGTGT	@A00181	HKCL2DSX7	L004	/beegfs-storage/projects/wp4/nobackup/DDS_downloads/DataDelivery_2023-08-22_16-10-05_snpseq00449/files/WD-3649/230818_A00181_0673_AHKCL2DSX7/Sample_WD-3649-D23-04889/WD-3649-D23-04889_S1_L004_R1_001.fastq.gz	/beegfs-storage/projects/wp4/nobackup/DDS_downloads/DataDelivery_2023-08-22_16-10-05_snpseq00449/files/WD-3649/230818_A00181_0673_AHKCL2DSX7/Sample_WD-3649-D23-04889/WD-3649-D23-04889_S1_L004_R2_001.fastq.gz	AGATCGGAAGAGCACACGTCTGAACTCCAGTCA,AGATCGGAAGAGCGTCGTGTAGGGAAAGAGTGT
D23-04969	N	Illumina	GCACGGACAT+TGCGAGACGT	@A00181	HKCL2DSX7	L001	/beegfs-storage/projects/wp4/nobackup/DDS_downloads/DataDelivery_2023-08-22_16-10-05_snpseq00449/files/WD-3649/230818_A00181_0673_AHKCL2DSX7/Sample_WD-3649-D23-04969/WD-3649-D23-04969_S2_L001_R1_001.fastq.gz	/beegfs-storage/projects/wp4/nobackup/DDS_downloads/DataDelivery_2023-08-22_16-10-05_snpseq00449/files/WD-3649/230818_A00181_0673_AHKCL2DSX7/Sample_WD-3649-D23-04969/WD-3649-D23-04969_S2_L001_R2_001.fastq.gz	AGATCGGAAGAGCACACGTCTGAACTCCAGTCA,AGATCGGAAGAGCGTCGTGTAGGGAAAGAGTGT
D23-04969	N	Illumina	GCACGGACAT+TGCGAGACGT	@A00181	HKCL2DSX7	L002	/beegfs-storage/projects/wp4/nobackup/DDS_downloads/DataDelivery_2023-08-22_16-10-05_snpseq00449/files/WD-3649/230818_A00181_0673_AHKCL2DSX7/Sample_WD-3649-D23-04969/WD-3649-D23-04969_S2_L002_R1_001.fastq.gz	/beegfs-storage/projects/wp4/nobackup/DDS_downloads/DataDelivery_2023-08-22_16-10-05_snpseq00449/files/WD-3649/230818_A00181_0673_AHKCL2DSX7/Sample_WD-3649-D23-04969/WD-3649-D23-04969_S2_L002_R2_001.fastq.gz	AGATCGGAAGAGCACACGTCTGAACTCCAGTCA,AGATCGGAAGAGCGTCGTGTAGGGAAAGAGTGT
D23-04969	N	Illumina	GCACGGACAT+TGCGAGACGT	@A00181	HKCL2DSX7	L003	/beegfs-storage/projects/wp4/nobackup/DDS_downloads/DataDelivery_2023-08-22_16-10-05_snpseq00449/files/WD-3649/230818_A00181_0673_AHKCL2DSX7/Sample_WD-3649-D23-04969/WD-3649-D23-04969_S2_L003_R1_001.fastq.gz	/beegfs-storage/projects/wp4/nobackup/DDS_downloads/DataDelivery_2023-08-22_16-10-05_snpseq00449/files/WD-3649/230818_A00181_0673_AHKCL2DSX7/Sample_WD-3649-D23-04969/WD-3649-D23-04969_S2_L003_R2_001.fastq.gz	AGATCGGAAGAGCACACGTCTGAACTCCAGTCA,AGATCGGAAGAGCGTCGTGTAGGGAAAGAGTGT
D23-04969	N	Illumina	GCACGGACAT+TGCGAGACGT	@A00181	HKCL2DSX7	L004	/beegfs-storage/projects/wp4/nobackup/DDS_downloads/DataDelivery_2023-08-22_16-10-05_snpseq00449/files/WD-3649/230818_A00181_0673_AHKCL2DSX7/Sample_WD-3649-D23-04969/WD-3649-D23-04969_S2_L004_R1_001.fastq.gz	/beegfs-storage/projects/wp4/nobackup/DDS_downloads/DataDelivery_2023-08-22_16-10-05_snpseq00449/files/WD-3649/230818_A00181_0673_AHKCL2DSX7/Sample_WD-3649-D23-04969/WD-3649-D23-04969_S2_L004_R2_001.fastq.gz	AGATCGGAAGAGCACACGTCTGAACTCCAGTCA,AGATCGGAAGAGCGTCGTGTAGGGAAAGAGTGT
D23-04971	N	Illumina	GGTACCTTAT+GACGTCTTGT	@A00181	HKCL2DSX7	L001	/beegfs-storage/projects/wp4/nobackup/DDS_downloads/DataDelivery_2023-08-22_16-10-05_snpseq00449/files/WD-3649/230818_A00181_0673_AHKCL2DSX7/Sample_WD-3649-D23-04971/WD-3649-D23-04971_S3_L001_R1_001.fastq.gz	/beegfs-storage/projects/wp4/nobackup/DDS_downloads/DataDelivery_2023-08-22_16-10-05_snpseq00449/files/WD-3649/230818_A00181_0673_AHKCL2DSX7/Sample_WD-3649-D23-04971/WD-3649-D23-04971_S3_L001_R2_001.fastq.gz	AGATCGGAAGAGCACACGTCTGAACTCCAGTCA,AGATCGGAAGAGCGTCGTGTAGGGAAAGAGTGT
D23-04971	N	Illumina	GGTACCTTAT+GACGTCTTGT	@A00181	HKCL2DSX7	L002	/beegfs-storage/projects/wp4/nobackup/DDS_downloads/DataDelivery_2023-08-22_16-10-05_snpseq00449/files/WD-3649/230818_A00181_0673_AHKCL2DSX7/Sample_WD-3649-D23-04971/WD-3649-D23-04971_S3_L002_R1_001.fastq.gz	/beegfs-storage/projects/wp4/nobackup/DDS_downloads/DataDelivery_2023-08-22_16-10-05_snpseq00449/files/WD-3649/230818_A00181_0673_AHKCL2DSX7/Sample_WD-3649-D23-04971/WD-3649-D23-04971_S3_L002_R2_001.fastq.gz	AGATCGGAAGAGCACACGTCTGAACTCCAGTCA,AGATCGGAAGAGCGTCGTGTAGGGAAAGAGTGT
D23-04971	N	Illumina	GGTACCTTAT+GACGTCTTGT	@A00181	HKCL2DSX7	L003	/beegfs-storage/projects/wp4/nobackup/DDS_downloads/DataDelivery_2023-08-22_16-10-05_snpseq00449/files/WD-3649/230818_A00181_0673_AHKCL2DSX7/Sample_WD-3649-D23-04971/WD-3649-D23-04971_S3_L003_R1_001.fastq.gz	/beegfs-storage/projects/wp4/nobackup/DDS_downloads/DataDelivery_2023-08-22_16-10-05_snpseq00449/files/WD-3649/230818_A00181_0673_AHKCL2DSX7/Sample_WD-3649-D23-04971/WD-3649-D23-04971_S3_L003_R2_001.fastq.gz	AGATCGGAAGAGCACACGTCTGAACTCCAGTCA,AGATCGGAAGAGCGTCGTGTAGGGAAAGAGTGT
D23-04971	N	Illumina	GGTACCTTAT+GACGTCTTGT	@A00181	HKCL2DSX7	L004	/beegfs-storage/projects/wp4/nobackup/DDS_downloads/DataDelivery_2023-08-22_16-10-05_snpseq00449/files/WD-3649/230818_A00181_0673_AHKCL2DSX7/Sample_WD-3649-D23-04971/WD-3649-D23-04971_S3_L004_R1_001.fastq.gz	/beegfs-storage/projects/wp4/nobackup/DDS_downloads/DataDelivery_2023-08-22_16-10-05_snpseq00449/files/WD-3649/230818_A00181_0673_AHKCL2DSX7/Sample_WD-3649-D23-04971/WD-3649-D23-04971_S3_L004_R2_001.fastq.gz	AGATCGGAAGAGCACACGTCTGAACTCCAGTCA,AGATCGGAAGAGCGTCGTGTAGGGAAAGAGTGT
D23-05083	N	Illumina	AATGCCTCAT+TGGATCGAGT	@A00181	HKCL2DSX7	L001	/beegfs-storage/projects/wp4/nobackup/DDS_downloads/DataDelivery_2023-08-22_16-10-05_snpseq00449/files/WD-3649/230818_A00181_0673_AHKCL2DSX7/Sample_WD-3649-D23-05083/WD-3649-D23-05083_S14_L001_R1_001.fastq.gz	/beegfs-storage/projects/wp4/nobackup/DDS_downloads/DataDelivery_2023-08-22_16-10-05_snpseq00449/files/WD-3649/230818_A00181_0673_AHKCL2DSX7/Sample_WD-3649-D23-05083/WD-3649-D23-05083_S14_L001_R2_001.fastq.gz	AGATCGGAAGAGCACACGTCTGAACTCCAGTCA,AGATCGGAAGAGCGTCGTGTAGGGAAAGAGTGT
D23-05083	N	Illumina	AATGCCTCAT+TGGATCGAGT	@A00181	HKCL2DSX7	L002	/beegfs-storage/projects/wp4/nobackup/DDS_downloads/DataDelivery_2023-08-22_16-10-05_snpseq00449/files/WD-3649/230818_A00181_0673_AHKCL2DSX7/Sample_WD-3649-D23-05083/WD-3649-D23-05083_S14_L002_R1_001.fastq.gz	/beegfs-storage/projects/wp4/nobackup/DDS_downloads/DataDelivery_2023-08-22_16-10-05_snpseq00449/files/WD-3649/230818_A00181_0673_AHKCL2DSX7/Sample_WD-3649-D23-05083/WD-3649-D23-05083_S14_L002_R2_001.fastq.gz	AGATCGGAAGAGCACACGTCTGAACTCCAGTCA,AGATCGGAAGAGCGTCGTGTAGGGAAAGAGTGT
D23-05083	N	Illumina	AATGCCTCAT+TGGATCGAGT	@A00181	HKCL2DSX7	L003	/beegfs-storage/projects/wp4/nobackup/DDS_downloads/DataDelivery_2023-08-22_16-10-05_snpseq00449/files/WD-3649/230818_A00181_0673_AHKCL2DSX7/Sample_WD-3649-D23-05083/WD-3649-D23-05083_S14_L003_R1_001.fastq.gz	/beegfs-storage/projects/wp4/nobackup/DDS_downloads/DataDelivery_2023-08-22_16-10-05_snpseq00449/files/WD-3649/230818_A00181_0673_AHKCL2DSX7/Sample_WD-3649-D23-05083/WD-3649-D23-05083_S14_L003_R2_001.fastq.gz	AGATCGGAAGAGCACACGTCTGAACTCCAGTCA,AGATCGGAAGAGCGTCGTGTAGGGAAAGAGTGT
D23-05083	N	Illumina	AATGCCTCAT+TGGATCGAGT	@A00181	HKCL2DSX7	L004	/beegfs-storage/projects/wp4/nobackup/DDS_downloads/DataDelivery_2023-08-22_16-10-05_snpseq00449/files/WD-3649/230818_A00181_0673_AHKCL2DSX7/Sample_WD-3649-D23-05083/WD-3649-D23-05083_S14_L004_R1_001.fastq.gz	/beegfs-storage/projects/wp4/nobackup/DDS_downloads/DataDelivery_2023-08-22_16-10-05_snpseq00449/files/WD-3649/230818_A00181_0673_AHKCL2DSX7/Sample_WD-3649-D23-05083/WD-3649-D23-05083_S14_L004_R2_001.fastq.gz	AGATCGGAAGAGCACACGTCTGAACTCCAGTCA,AGATCGGAAGAGCGTCGTGTAGGGAAAGAGTGT
D23-05127	N	Illumina	GCAGAATTAT+TGGCCGGTGT	@A00181	HKCL2DSX7	L001	/beegfs-storage/projects/wp4/nobackup/DDS_downloads/DataDelivery_2023-08-22_16-10-05_snpseq00449/files/WD-3649/230818_A00181_0673_AHKCL2DSX7/Sample_WD-3649-D23-05127/WD-3649-D23-05127_S5_L001_R1_001.fastq.gz	/beegfs-storage/projects/wp4/nobackup/DDS_downloads/DataDelivery_2023-08-22_16-10-05_snpseq00449/files/WD-3649/230818_A00181_0673_AHKCL2DSX7/Sample_WD-3649-D23-05127/WD-3649-D23-05127_S5_L001_R2_001.fastq.gz	AGATCGGAAGAGCACACGTCTGAACTCCAGTCA,AGATCGGAAGAGCGTCGTGTAGGGAAAGAGTGT
D23-05127	N	Illumina	GCAGAATTAT+TGGCCGGTGT	@A00181	HKCL2DSX7	L002	/beegfs-storage/projects/wp4/nobackup/DDS_downloads/DataDelivery_2023-08-22_16-10-05_snpseq00449/files/WD-3649/230818_A00181_0673_AHKCL2DSX7/Sample_WD-3649-D23-05127/WD-3649-D23-05127_S5_L002_R1_001.fastq.gz	/beegfs-storage/projects/wp4/nobackup/DDS_downloads/DataDelivery_2023-08-22_16-10-05_snpseq00449/files/WD-3649/230818_A00181_0673_AHKCL2DSX7/Sample_WD-3649-D23-05127/WD-3649-D23-05127_S5_L002_R2_001.fastq.gz	AGATCGGAAGAGCACACGTCTGAACTCCAGTCA,AGATCGGAAGAGCGTCGTGTAGGGAAAGAGTGT
D23-05127	N	Illumina	GCAGAATTAT+TGGCCGGTGT	@A00181	HKCL2DSX7	L003	/beegfs-storage/projects/wp4/nobackup/DDS_downloads/DataDelivery_2023-08-22_16-10-05_snpseq00449/files/WD-3649/230818_A00181_0673_AHKCL2DSX7/Sample_WD-3649-D23-05127/WD-3649-D23-05127_S5_L003_R1_001.fastq.gz	/beegfs-storage/projects/wp4/nobackup/DDS_downloads/DataDelivery_2023-08-22_16-10-05_snpseq00449/files/WD-3649/230818_A00181_0673_AHKCL2DSX7/Sample_WD-3649-D23-05127/WD-3649-D23-05127_S5_L003_R2_001.fastq.gz	AGATCGGAAGAGCACACGTCTGAACTCCAGTCA,AGATCGGAAGAGCGTCGTGTAGGGAAAGAGTGT
D23-05127	N	Illumina	GCAGAATTAT+TGGCCGGTGT	@A00181	HKCL2DSX7	L004	/beegfs-storage/projects/wp4/nobackup/DDS_downloads/DataDelivery_2023-08-22_16-10-05_snpseq00449/files/WD-3649/230818_A00181_0673_AHKCL2DSX7/Sample_WD-3649-D23-05127/WD-3649-D23-05127_S5_L004_R1_001.fastq.gz	/beegfs-storage/projects/wp4/nobackup/DDS_downloads/DataDelivery_2023-08-22_16-10-05_snpseq00449/files/WD-3649/230818_A00181_0673_AHKCL2DSX7/Sample_WD-3649-D23-05127/WD-3649-D23-05127_S5_L004_R2_001.fastq.gz	AGATCGGAAGAGCACACGTCTGAACTCCAGTCA,AGATCGGAAGAGCGTCGTGTAGGGAAAGAGTGT
D23-05128	N	Illumina	ATGAGGCCAT+CAATTAACGT	@A00181	HKCL2DSX7	L001	/beegfs-storage/projects/wp4/nobackup/DDS_downloads/DataDelivery_2023-08-22_16-10-05_snpseq00449/files/WD-3649/230818_A00181_0673_AHKCL2DSX7/Sample_WD-3649-D23-05128/WD-3649-D23-05128_S6_L001_R1_001.fastq.gz	/beegfs-storage/projects/wp4/nobackup/DDS_downloads/DataDelivery_2023-08-22_16-10-05_snpseq00449/files/WD-3649/230818_A00181_0673_AHKCL2DSX7/Sample_WD-3649-D23-05128/WD-3649-D23-05128_S6_L001_R2_001.fastq.gz	AGATCGGAAGAGCACACGTCTGAACTCCAGTCA,AGATCGGAAGAGCGTCGTGTAGGGAAAGAGTGT
D23-05128	N	Illumina	ATGAGGCCAT+CAATTAACGT	@A00181	HKCL2DSX7	L002	/beegfs-storage/projects/wp4/nobackup/DDS_downloads/DataDelivery_2023-08-22_16-10-05_snpseq00449/files/WD-3649/230818_A00181_0673_AHKCL2DSX7/Sample_WD-3649-D23-05128/WD-3649-D23-05128_S6_L002_R1_001.fastq.gz	/beegfs-storage/projects/wp4/nobackup/DDS_downloads/DataDelivery_2023-08-22_16-10-05_snpseq00449/files/WD-3649/230818_A00181_0673_AHKCL2DSX7/Sample_WD-3649-D23-05128/WD-3649-D23-05128_S6_L002_R2_001.fastq.gz	AGATCGGAAGAGCACACGTCTGAACTCCAGTCA,AGATCGGAAGAGCGTCGTGTAGGGAAAGAGTGT
D23-05128	N	Illumina	ATGAGGCCAT+CAATTAACGT	@A00181	HKCL2DSX7	L003	/beegfs-storage/projects/wp4/nobackup/DDS_downloads/DataDelivery_2023-08-22_16-10-05_snpseq00449/files/WD-3649/230818_A00181_0673_AHKCL2DSX7/Sample_WD-3649-D23-05128/WD-3649-D23-05128_S6_L003_R1_001.fastq.gz	/beegfs-storage/projects/wp4/nobackup/DDS_downloads/DataDelivery_2023-08-22_16-10-05_snpseq00449/files/WD-3649/230818_A00181_0673_AHKCL2DSX7/Sample_WD-3649-D23-05128/WD-3649-D23-05128_S6_L003_R2_001.fastq.gz	AGATCGGAAGAGCACACGTCTGAACTCCAGTCA,AGATCGGAAGAGCGTCGTGTAGGGAAAGAGTGT
D23-05128	N	Illumina	ATGAGGCCAT+CAATTAACGT	@A00181	HKCL2DSX7	L004	/beegfs-storage/projects/wp4/nobackup/DDS_downloads/DataDelivery_2023-08-22_16-10-05_snpseq00449/files/WD-3649/230818_A00181_0673_AHKCL2DSX7/Sample_WD-3649-D23-05128/WD-3649-D23-05128_S6_L004_R1_001.fastq.gz	/beegfs-storage/projects/wp4/nobackup/DDS_downloads/DataDelivery_2023-08-22_16-10-05_snpseq00449/files/WD-3649/230818_A00181_0673_AHKCL2DSX7/Sample_WD-3649-D23-05128/WD-3649-D23-05128_S6_L004_R2_001.fastq.gz	AGATCGGAAGAGCACACGTCTGAACTCCAGTCA,AGATCGGAAGAGCGTCGTGTAGGGAAAGAGTGT
D23-05170	N	Illumina	CTTGGTATAT+GGACTTGGGT	@A00181	HKCL2DSX7	L001	/beegfs-storage/projects/wp4/nobackup/DDS_downloads/DataDelivery_2023-08-22_16-10-05_snpseq00449/files/WD-3649/230818_A00181_0673_AHKCL2DSX7/Sample_WD-3649-D23-05170/WD-3649-D23-05170_S9_L001_R1_001.fastq.gz	/beegfs-storage/projects/wp4/nobackup/DDS_downloads/DataDelivery_2023-08-22_16-10-05_snpseq00449/files/WD-3649/230818_A00181_0673_AHKCL2DSX7/Sample_WD-3649-D23-05170/WD-3649-D23-05170_S9_L001_R2_001.fastq.gz	AGATCGGAAGAGCACACGTCTGAACTCCAGTCA,AGATCGGAAGAGCGTCGTGTAGGGAAAGAGTGT
D23-05170	N	Illumina	CTTGGTATAT+GGACTTGGGT	@A00181	HKCL2DSX7	L002	/beegfs-storage/projects/wp4/nobackup/DDS_downloads/DataDelivery_2023-08-22_16-10-05_snpseq00449/files/WD-3649/230818_A00181_0673_AHKCL2DSX7/Sample_WD-3649-D23-05170/WD-3649-D23-05170_S9_L002_R1_001.fastq.gz	/beegfs-storage/projects/wp4/nobackup/DDS_downloads/DataDelivery_2023-08-22_16-10-05_snpseq00449/files/WD-3649/230818_A00181_0673_AHKCL2DSX7/Sample_WD-3649-D23-05170/WD-3649-D23-05170_S9_L002_R2_001.fastq.gz	AGATCGGAAGAGCACACGTCTGAACTCCAGTCA,AGATCGGAAGAGCGTCGTGTAGGGAAAGAGTGT
D23-05170	N	Illumina	CTTGGTATAT+GGACTTGGGT	@A00181	HKCL2DSX7	L003	/beegfs-storage/projects/wp4/nobackup/DDS_downloads/DataDelivery_2023-08-22_16-10-05_snpseq00449/files/WD-3649/230818_A00181_0673_AHKCL2DSX7/Sample_WD-3649-D23-05170/WD-3649-D23-05170_S9_L003_R1_001.fastq.gz	/beegfs-storage/projects/wp4/nobackup/DDS_downloads/DataDelivery_2023-08-22_16-10-05_snpseq00449/files/WD-3649/230818_A00181_0673_AHKCL2DSX7/Sample_WD-3649-D23-05170/WD-3649-D23-05170_S9_L003_R2_001.fastq.gz	AGATCGGAAGAGCACACGTCTGAACTCCAGTCA,AGATCGGAAGAGCGTCGTGTAGGGAAAGAGTGT
D23-05170	N	Illumina	CTTGGTATAT+GGACTTGGGT	@A00181	HKCL2DSX7	L004	/beegfs-storage/projects/wp4/nobackup/DDS_downloads/DataDelivery_2023-08-22_16-10-05_snpseq00449/files/WD-3649/230818_A00181_0673_AHKCL2DSX7/Sample_WD-3649-D23-05170/WD-3649-D23-05170_S9_L004_R1_001.fastq.gz	/beegfs-storage/projects/wp4/nobackup/DDS_downloads/DataDelivery_2023-08-22_16-10-05_snpseq00449/files/WD-3649/230818_A00181_0673_AHKCL2DSX7/Sample_WD-3649-D23-05170/WD-3649-D23-05170_S9_L004_R2_001.fastq.gz	AGATCGGAAGAGCACACGTCTGAACTCCAGTCA,AGATCGGAAGAGCGTCGTGTAGGGAAAGAGTGT
D23-05244	N	Illumina	CTACGACAAT+TTGGACTCGT	@A00181	HKCL2DSX7	L001	/beegfs-storage/projects/wp4/nobackup/DDS_downloads/DataDelivery_2023-08-22_16-10-05_snpseq00449/files/WD-3649/230818_A00181_0673_AHKCL2DSX7/Sample_WD-3649-D23-05244/WD-3649-D23-05244_S20_L001_R1_001.fastq.gz	/beegfs-storage/projects/wp4/nobackup/DDS_downloads/DataDelivery_2023-08-22_16-10-05_snpseq00449/files/WD-3649/230818_A00181_0673_AHKCL2DSX7/Sample_WD-3649-D23-05244/WD-3649-D23-05244_S20_L001_R2_001.fastq.gz	AGATCGGAAGAGCACACGTCTGAACTCCAGTCA,AGATCGGAAGAGCGTCGTGTAGGGAAAGAGTGT
D23-05244	N	Illumina	CTACGACAAT+TTGGACTCGT	@A00181	HKCL2DSX7	L002	/beegfs-storage/projects/wp4/nobackup/DDS_downloads/DataDelivery_2023-08-22_16-10-05_snpseq00449/files/WD-3649/230818_A00181_0673_AHKCL2DSX7/Sample_WD-3649-D23-05244/WD-3649-D23-05244_S20_L002_R1_001.fastq.gz	/beegfs-storage/projects/wp4/nobackup/DDS_downloads/DataDelivery_2023-08-22_16-10-05_snpseq00449/files/WD-3649/230818_A00181_0673_AHKCL2DSX7/Sample_WD-3649-D23-05244/WD-3649-D23-05244_S20_L002_R2_001.fastq.gz	AGATCGGAAGAGCACACGTCTGAACTCCAGTCA,AGATCGGAAGAGCGTCGTGTAGGGAAAGAGTGT
D23-05244	N	Illumina	CTACGACAAT+TTGGACTCGT	@A00181	HKCL2DSX7	L003	/beegfs-storage/projects/wp4/nobackup/DDS_downloads/DataDelivery_2023-08-22_16-10-05_snpseq00449/files/WD-3649/230818_A00181_0673_AHKCL2DSX7/Sample_WD-3649-D23-05244/WD-3649-D23-05244_S20_L003_R1_001.fastq.gz	/beegfs-storage/projects/wp4/nobackup/DDS_downloads/DataDelivery_2023-08-22_16-10-05_snpseq00449/files/WD-3649/230818_A00181_0673_AHKCL2DSX7/Sample_WD-3649-D23-05244/WD-3649-D23-05244_S20_L003_R2_001.fastq.gz	AGATCGGAAGAGCACACGTCTGAACTCCAGTCA,AGATCGGAAGAGCGTCGTGTAGGGAAAGAGTGT
D23-05244	N	Illumina	CTACGACAAT+TTGGACTCGT	@A00181	HKCL2DSX7	L004	/beegfs-storage/projects/wp4/nobackup/DDS_downloads/DataDelivery_2023-08-22_16-10-05_snpseq00449/files/WD-3649/230818_A00181_0673_AHKCL2DSX7/Sample_WD-3649-D23-05244/WD-3649-D23-05244_S20_L004_R1_001.fastq.gz	/beegfs-storage/projects/wp4/nobackup/DDS_downloads/DataDelivery_2023-08-22_16-10-05_snpseq00449/files/WD-3649/230818_A00181_0673_AHKCL2DSX7/Sample_WD-3649-D23-05244/WD-3649-D23-05244_S20_L004_R2_001.fastq.gz	AGATCGGAAGAGCACACGTCTGAACTCCAGTCA,AGATCGGAAGAGCGTCGTGTAGGGAAAGAGTGT
D23-05338	N	Illumina	AGCCTCATAT+TCTCTACTGT	@A00181	HKCL2DSX7	L001	/beegfs-storage/projects/wp4/nobackup/DDS_downloads/DataDelivery_2023-08-22_16-10-05_snpseq00449/files/WD-3649/230818_A00181_0673_AHKCL2DSX7/Sample_WD-3649-D23-05338/WD-3649-D23-05338_S17_L001_R1_001.fastq.gz	/beegfs-storage/projects/wp4/nobackup/DDS_downloads/DataDelivery_2023-08-22_16-10-05_snpseq00449/files/WD-3649/230818_A00181_0673_AHKCL2DSX7/Sample_WD-3649-D23-05338/WD-3649-D23-05338_S17_L001_R2_001.fastq.gz	AGATCGGAAGAGCACACGTCTGAACTCCAGTCA,AGATCGGAAGAGCGTCGTGTAGGGAAAGAGTGT
D23-05338	N	Illumina	AGCCTCATAT+TCTCTACTGT	@A00181	HKCL2DSX7	L002	/beegfs-storage/projects/wp4/nobackup/DDS_downloads/DataDelivery_2023-08-22_16-10-05_snpseq00449/files/WD-3649/230818_A00181_0673_AHKCL2DSX7/Sample_WD-3649-D23-05338/WD-3649-D23-05338_S17_L002_R1_001.fastq.gz	/beegfs-storage/projects/wp4/nobackup/DDS_downloads/DataDelivery_2023-08-22_16-10-05_snpseq00449/files/WD-3649/230818_A00181_0673_AHKCL2DSX7/Sample_WD-3649-D23-05338/WD-3649-D23-05338_S17_L002_R2_001.fastq.gz	AGATCGGAAGAGCACACGTCTGAACTCCAGTCA,AGATCGGAAGAGCGTCGTGTAGGGAAAGAGTGT
D23-05338	N	Illumina	AGCCTCATAT+TCTCTACTGT	@A00181	HKCL2DSX7	L003	/beegfs-storage/projects/wp4/nobackup/DDS_downloads/DataDelivery_2023-08-22_16-10-05_snpseq00449/files/WD-3649/230818_A00181_0673_AHKCL2DSX7/Sample_WD-3649-D23-05338/WD-3649-D23-05338_S17_L003_R1_001.fastq.gz	/beegfs-storage/projects/wp4/nobackup/DDS_downloads/DataDelivery_2023-08-22_16-10-05_snpseq00449/files/WD-3649/230818_A00181_0673_AHKCL2DSX7/Sample_WD-3649-D23-05338/WD-3649-D23-05338_S17_L003_R2_001.fastq.gz	AGATCGGAAGAGCACACGTCTGAACTCCAGTCA,AGATCGGAAGAGCGTCGTGTAGGGAAAGAGTGT
D23-05338	N	Illumina	AGCCTCATAT+TCTCTACTGT	@A00181	HKCL2DSX7	L004	/beegfs-storage/projects/wp4/nobackup/DDS_downloads/DataDelivery_2023-08-22_16-10-05_snpseq00449/files/WD-3649/230818_A00181_0673_AHKCL2DSX7/Sample_WD-3649-D23-05338/WD-3649-D23-05338_S17_L004_R1_001.fastq.gz	/beegfs-storage/projects/wp4/nobackup/DDS_downloads/DataDelivery_2023-08-22_16-10-05_snpseq00449/files/WD-3649/230818_A00181_0673_AHKCL2DSX7/Sample_WD-3649-D23-05338/WD-3649-D23-05338_S17_L004_R2_001.fastq.gz	AGATCGGAAGAGCACACGTCTGAACTCCAGTCA,AGATCGGAAGAGCGTCGTGTAGGGAAAGAGTGT
D23-05408	N	Illumina	TCGTAGTGAT+CCAAGTCTGT	@A00181	HKCL2DSX7	L001	/beegfs-storage/projects/wp4/nobackup/DDS_downloads/DataDelivery_2023-08-22_16-10-05_snpseq00449/files/WD-3649/230818_A00181_0673_AHKCL2DSX7/Sample_WD-3649-D23-05408/WD-3649-D23-05408_S19_L001_R1_001.fastq.gz	/beegfs-storage/projects/wp4/nobackup/DDS_downloads/DataDelivery_2023-08-22_16-10-05_snpseq00449/files/WD-3649/230818_A00181_0673_AHKCL2DSX7/Sample_WD-3649-D23-05408/WD-3649-D23-05408_S19_L001_R2_001.fastq.gz	AGATCGGAAGAGCACACGTCTGAACTCCAGTCA,AGATCGGAAGAGCGTCGTGTAGGGAAAGAGTGT
D23-05408	N	Illumina	TCGTAGTGAT+CCAAGTCTGT	@A00181	HKCL2DSX7	L002	/beegfs-storage/projects/wp4/nobackup/DDS_downloads/DataDelivery_2023-08-22_16-10-05_snpseq00449/files/WD-3649/230818_A00181_0673_AHKCL2DSX7/Sample_WD-3649-D23-05408/WD-3649-D23-05408_S19_L002_R1_001.fastq.gz	/beegfs-storage/projects/wp4/nobackup/DDS_downloads/DataDelivery_2023-08-22_16-10-05_snpseq00449/files/WD-3649/230818_A00181_0673_AHKCL2DSX7/Sample_WD-3649-D23-05408/WD-3649-D23-05408_S19_L002_R2_001.fastq.gz	AGATCGGAAGAGCACACGTCTGAACTCCAGTCA,AGATCGGAAGAGCGTCGTGTAGGGAAAGAGTGT
D23-05408	N	Illumina	TCGTAGTGAT+CCAAGTCTGT	@A00181	HKCL2DSX7	L003	/beegfs-storage/projects/wp4/nobackup/DDS_downloads/DataDelivery_2023-08-22_16-10-05_snpseq00449/files/WD-3649/230818_A00181_0673_AHKCL2DSX7/Sample_WD-3649-D23-05408/WD-3649-D23-05408_S19_L003_R1_001.fastq.gz	/beegfs-storage/projects/wp4/nobackup/DDS_downloads/DataDelivery_2023-08-22_16-10-05_snpseq00449/files/WD-3649/230818_A00181_0673_AHKCL2DSX7/Sample_WD-3649-D23-05408/WD-3649-D23-05408_S19_L003_R2_001.fastq.gz	AGATCGGAAGAGCACACGTCTGAACTCCAGTCA,AGATCGGAAGAGCGTCGTGTAGGGAAAGAGTGT
D23-05408	N	Illumina	TCGTAGTGAT+CCAAGTCTGT	@A00181	HKCL2DSX7	L004	/beegfs-storage/projects/wp4/nobackup/DDS_downloads/DataDelivery_2023-08-22_16-10-05_snpseq00449/files/WD-3649/230818_A00181_0673_AHKCL2DSX7/Sample_WD-3649-D23-05408/WD-3649-D23-05408_S19_L004_R1_001.fastq.gz	/beegfs-storage/projects/wp4/nobackup/DDS_downloads/DataDelivery_2023-08-22_16-10-05_snpseq00449/files/WD-3649/230818_A00181_0673_AHKCL2DSX7/Sample_WD-3649-D23-05408/WD-3649-D23-05408_S19_L004_R2_001.fastq.gz	AGATCGGAAGAGCACACGTCTGAACTCCAGTCA,AGATCGGAAGAGCGTCGTGTAGGGAAAGAGTGT
D23-05580	N	Illumina	TAAGTGGTAT+GGCTTAAGGT	@A00181	HKCL2DSX7	L001	/beegfs-storage/projects/wp4/nobackup/DDS_downloads/DataDelivery_2023-08-22_16-10-05_snpseq00449/files/WD-3649/230818_A00181_0673_AHKCL2DSX7/Sample_WD-3649-D23-05580/WD-3649-D23-05580_S21_L001_R1_001.fastq.gz	/beegfs-storage/projects/wp4/nobackup/DDS_downloads/DataDelivery_2023-08-22_16-10-05_snpseq00449/files/WD-3649/230818_A00181_0673_AHKCL2DSX7/Sample_WD-3649-D23-05580/WD-3649-D23-05580_S21_L001_R2_001.fastq.gz	AGATCGGAAGAGCACACGTCTGAACTCCAGTCA,AGATCGGAAGAGCGTCGTGTAGGGAAAGAGTGT
D23-05580	N	Illumina	TAAGTGGTAT+GGCTTAAGGT	@A00181	HKCL2DSX7	L002	/beegfs-storage/projects/wp4/nobackup/DDS_downloads/DataDelivery_2023-08-22_16-10-05_snpseq00449/files/WD-3649/230818_A00181_0673_AHKCL2DSX7/Sample_WD-3649-D23-05580/WD-3649-D23-05580_S21_L002_R1_001.fastq.gz	/beegfs-storage/projects/wp4/nobackup/DDS_downloads/DataDelivery_2023-08-22_16-10-05_snpseq00449/files/WD-3649/230818_A00181_0673_AHKCL2DSX7/Sample_WD-3649-D23-05580/WD-3649-D23-05580_S21_L002_R2_001.fastq.gz	AGATCGGAAGAGCACACGTCTGAACTCCAGTCA,AGATCGGAAGAGCGTCGTGTAGGGAAAGAGTGT
D23-05580	N	Illumina	TAAGTGGTAT+GGCTTAAGGT	@A00181	HKCL2DSX7	L003	/beegfs-storage/projects/wp4/nobackup/DDS_downloads/DataDelivery_2023-08-22_16-10-05_snpseq00449/files/WD-3649/230818_A00181_0673_AHKCL2DSX7/Sample_WD-3649-D23-05580/WD-3649-D23-05580_S21_L003_R1_001.fastq.gz	/beegfs-storage/projects/wp4/nobackup/DDS_downloads/DataDelivery_2023-08-22_16-10-05_snpseq00449/files/WD-3649/230818_A00181_0673_AHKCL2DSX7/Sample_WD-3649-D23-05580/WD-3649-D23-05580_S21_L003_R2_001.fastq.gz	AGATCGGAAGAGCACACGTCTGAACTCCAGTCA,AGATCGGAAGAGCGTCGTGTAGGGAAAGAGTGT
D23-05580	N	Illumina	TAAGTGGTAT+GGCTTAAGGT	@A00181	HKCL2DSX7	L004	/beegfs-storage/projects/wp4/nobackup/DDS_downloads/DataDelivery_2023-08-22_16-10-05_snpseq00449/files/WD-3649/230818_A00181_0673_AHKCL2DSX7/Sample_WD-3649-D23-05580/WD-3649-D23-05580_S21_L004_R1_001.fastq.gz	/beegfs-storage/projects/wp4/nobackup/DDS_downloads/DataDelivery_2023-08-22_16-10-05_snpseq00449/files/WD-3649/230818_A00181_0673_AHKCL2DSX7/Sample_WD-3649-D23-05580/WD-3649-D23-05580_S21_L004_R2_001.fastq.gz	AGATCGGAAGAGCACACGTCTGAACTCCAGTCA,AGATCGGAAGAGCGTCGTGTAGGGAAAGAGTGT
D23-05793	N	Illumina	CGGACAACAT+AATCCGGAGT	@A00181	HKCL2DSX7	L001	/beegfs-storage/projects/wp4/nobackup/DDS_downloads/DataDelivery_2023-08-22_16-10-05_snpseq00449/files/WD-3649/230818_A00181_0673_AHKCL2DSX7/Sample_WD-3649-D23-05793/WD-3649-D23-05793_S22_L001_R1_001.fastq.gz	/beegfs-storage/projects/wp4/nobackup/DDS_downloads/DataDelivery_2023-08-22_16-10-05_snpseq00449/files/WD-3649/230818_A00181_0673_AHKCL2DSX7/Sample_WD-3649-D23-05793/WD-3649-D23-05793_S22_L001_R2_001.fastq.gz	AGATCGGAAGAGCACACGTCTGAACTCCAGTCA,AGATCGGAAGAGCGTCGTGTAGGGAAAGAGTGT
D23-05793	N	Illumina	CGGACAACAT+AATCCGGAGT	@A00181	HKCL2DSX7	L002	/beegfs-storage/projects/wp4/nobackup/DDS_downloads/DataDelivery_2023-08-22_16-10-05_snpseq00449/files/WD-3649/230818_A00181_0673_AHKCL2DSX7/Sample_WD-3649-D23-05793/WD-3649-D23-05793_S22_L002_R1_001.fastq.gz	/beegfs-storage/projects/wp4/nobackup/DDS_downloads/DataDelivery_2023-08-22_16-10-05_snpseq00449/files/WD-3649/230818_A00181_0673_AHKCL2DSX7/Sample_WD-3649-D23-05793/WD-3649-D23-05793_S22_L002_R2_001.fastq.gz	AGATCGGAAGAGCACACGTCTGAACTCCAGTCA,AGATCGGAAGAGCGTCGTGTAGGGAAAGAGTGT
D23-05793	N	Illumina	CGGACAACAT+AATCCGGAGT	@A00181	HKCL2DSX7	L003	/beegfs-storage/projects/wp4/nobackup/DDS_downloads/DataDelivery_2023-08-22_16-10-05_snpseq00449/files/WD-3649/230818_A00181_0673_AHKCL2DSX7/Sample_WD-3649-D23-05793/WD-3649-D23-05793_S22_L003_R1_001.fastq.gz	/beegfs-storage/projects/wp4/nobackup/DDS_downloads/DataDelivery_2023-08-22_16-10-05_snpseq00449/files/WD-3649/230818_A00181_0673_AHKCL2DSX7/Sample_WD-3649-D23-05793/WD-3649-D23-05793_S22_L003_R2_001.fastq.gz	AGATCGGAAGAGCACACGTCTGAACTCCAGTCA,AGATCGGAAGAGCGTCGTGTAGGGAAAGAGTGT
D23-05793	N	Illumina	CGGACAACAT+AATCCGGAGT	@A00181	HKCL2DSX7	L004	/beegfs-storage/projects/wp4/nobackup/DDS_downloads/DataDelivery_2023-08-22_16-10-05_snpseq00449/files/WD-3649/230818_A00181_0673_AHKCL2DSX7/Sample_WD-3649-D23-05793/WD-3649-D23-05793_S22_L004_R1_001.fastq.gz	/beegfs-storage/projects/wp4/nobackup/DDS_downloads/DataDelivery_2023-08-22_16-10-05_snpseq00449/files/WD-3649/230818_A00181_0673_AHKCL2DSX7/Sample_WD-3649-D23-05793/WD-3649-D23-05793_S22_L004_R2_001.fastq.gz	AGATCGGAAGAGCACACGTCTGAACTCCAGTCA,AGATCGGAAGAGCGTCGTGTAGGGAAAGAGTGT
D23-05794	N	Illumina	ATATGGATAT+TAATACAGGT	@A00181	HKCL2DSX7	L001	/beegfs-storage/projects/wp4/nobackup/DDS_downloads/DataDelivery_2023-08-22_16-10-05_snpseq00449/files/WD-3649/230818_A00181_0673_AHKCL2DSX7/Sample_WD-3649-D23-05794/WD-3649-D23-05794_S23_L001_R1_001.fastq.gz	/beegfs-storage/projects/wp4/nobackup/DDS_downloads/DataDelivery_2023-08-22_16-10-05_snpseq00449/files/WD-3649/230818_A00181_0673_AHKCL2DSX7/Sample_WD-3649-D23-05794/WD-3649-D23-05794_S23_L001_R2_001.fastq.gz	AGATCGGAAGAGCACACGTCTGAACTCCAGTCA,AGATCGGAAGAGCGTCGTGTAGGGAAAGAGTGT
D23-05794	N	Illumina	ATATGGATAT+TAATACAGGT	@A00181	HKCL2DSX7	L002	/beegfs-storage/projects/wp4/nobackup/DDS_downloads/DataDelivery_2023-08-22_16-10-05_snpseq00449/files/WD-3649/230818_A00181_0673_AHKCL2DSX7/Sample_WD-3649-D23-05794/WD-3649-D23-05794_S23_L002_R1_001.fastq.gz	/beegfs-storage/projects/wp4/nobackup/DDS_downloads/DataDelivery_2023-08-22_16-10-05_snpseq00449/files/WD-3649/230818_A00181_0673_AHKCL2DSX7/Sample_WD-3649-D23-05794/WD-3649-D23-05794_S23_L002_R2_001.fastq.gz	AGATCGGAAGAGCACACGTCTGAACTCCAGTCA,AGATCGGAAGAGCGTCGTGTAGGGAAAGAGTGT
D23-05794	N	Illumina	ATATGGATAT+TAATACAGGT	@A00181	HKCL2DSX7	L003	/beegfs-storage/projects/wp4/nobackup/DDS_downloads/DataDelivery_2023-08-22_16-10-05_snpseq00449/files/WD-3649/230818_A00181_0673_AHKCL2DSX7/Sample_WD-3649-D23-05794/WD-3649-D23-05794_S23_L003_R1_001.fastq.gz	/beegfs-storage/projects/wp4/nobackup/DDS_downloads/DataDelivery_2023-08-22_16-10-05_snpseq00449/files/WD-3649/230818_A00181_0673_AHKCL2DSX7/Sample_WD-3649-D23-05794/WD-3649-D23-05794_S23_L003_R2_001.fastq.gz	AGATCGGAAGAGCACACGTCTGAACTCCAGTCA,AGATCGGAAGAGCGTCGTGTAGGGAAAGAGTGT
D23-05794	N	Illumina	ATATGGATAT+TAATACAGGT	@A00181	HKCL2DSX7	L004	/beegfs-storage/projects/wp4/nobackup/DDS_downloads/DataDelivery_2023-08-22_16-10-05_snpseq00449/files/WD-3649/230818_A00181_0673_AHKCL2DSX7/Sample_WD-3649-D23-05794/WD-3649-D23-05794_S23_L004_R1_001.fastq.gz	/beegfs-storage/projects/wp4/nobackup/DDS_downloads/DataDelivery_2023-08-22_16-10-05_snpseq00449/files/WD-3649/230818_A00181_0673_AHKCL2DSX7/Sample_WD-3649-D23-05794/WD-3649-D23-05794_S23_L004_R2_001.fastq.gz	AGATCGGAAGAGCACACGTCTGAACTCCAGTCA,AGATCGGAAGAGCGTCGTGTAGGGAAAGAGTGT
D23-05795	N	Illumina	GCGCAAGCAT+CGGCGTGAGT	@A00181	HKCL2DSX7	L001	/beegfs-storage/projects/wp4/nobackup/DDS_downloads/DataDelivery_2023-08-22_16-10-05_snpseq00449/files/WD-3649/230818_A00181_0673_AHKCL2DSX7/Sample_WD-3649-D23-05795/WD-3649-D23-05795_S24_L001_R1_001.fastq.gz	/beegfs-storage/projects/wp4/nobackup/DDS_downloads/DataDelivery_2023-08-22_16-10-05_snpseq00449/files/WD-3649/230818_A00181_0673_AHKCL2DSX7/Sample_WD-3649-D23-05795/WD-3649-D23-05795_S24_L001_R2_001.fastq.gz	AGATCGGAAGAGCACACGTCTGAACTCCAGTCA,AGATCGGAAGAGCGTCGTGTAGGGAAAGAGTGT
D23-05795	N	Illumina	GCGCAAGCAT+CGGCGTGAGT	@A00181	HKCL2DSX7	L002	/beegfs-storage/projects/wp4/nobackup/DDS_downloads/DataDelivery_2023-08-22_16-10-05_snpseq00449/files/WD-3649/230818_A00181_0673_AHKCL2DSX7/Sample_WD-3649-D23-05795/WD-3649-D23-05795_S24_L002_R1_001.fastq.gz	/beegfs-storage/projects/wp4/nobackup/DDS_downloads/DataDelivery_2023-08-22_16-10-05_snpseq00449/files/WD-3649/230818_A00181_0673_AHKCL2DSX7/Sample_WD-3649-D23-05795/WD-3649-D23-05795_S24_L002_R2_001.fastq.gz	AGATCGGAAGAGCACACGTCTGAACTCCAGTCA,AGATCGGAAGAGCGTCGTGTAGGGAAAGAGTGT
D23-05795	N	Illumina	GCGCAAGCAT+CGGCGTGAGT	@A00181	HKCL2DSX7	L003	/beegfs-storage/projects/wp4/nobackup/DDS_downloads/DataDelivery_2023-08-22_16-10-05_snpseq00449/files/WD-3649/230818_A00181_0673_AHKCL2DSX7/Sample_WD-3649-D23-05795/WD-3649-D23-05795_S24_L003_R1_001.fastq.gz	/beegfs-storage/projects/wp4/nobackup/DDS_downloads/DataDelivery_2023-08-22_16-10-05_snpseq00449/files/WD-3649/230818_A00181_0673_AHKCL2DSX7/Sample_WD-3649-D23-05795/WD-3649-D23-05795_S24_L003_R2_001.fastq.gz	AGATCGGAAGAGCACACGTCTGAACTCCAGTCA,AGATCGGAAGAGCGTCGTGTAGGGAAAGAGTGT
D23-05795	N	Illumina	GCGCAAGCAT+CGGCGTGAGT	@A00181	HKCL2DSX7	L004	/beegfs-storage/projects/wp4/nobackup/DDS_downloads/DataDelivery_2023-08-22_16-10-05_snpseq00449/files/WD-3649/230818_A00181_0673_AHKCL2DSX7/Sample_WD-3649-D23-05795/WD-3649-D23-05795_S24_L004_R1_001.fastq.gz	/beegfs-storage/projects/wp4/nobackup/DDS_downloads/DataDelivery_2023-08-22_16-10-05_snpseq00449/files/WD-3649/230818_A00181_0673_AHKCL2DSX7/Sample_WD-3649-D23-05795/WD-3649-D23-05795_S24_L004_R2_001.fastq.gz	AGATCGGAAGAGCACACGTCTGAACTCCAGTCA,AGATCGGAAGAGCGTCGTGTAGGGAAAGAGTGT
D22-00075	N	Illumina	TACCGAGGAT+AGTTCAGGGT	@A00605	H55N7DSX5	L001	/beegfs-storage/projects/wp3/nobackup/WGS/WGS_pilot_CGU202111/THG6/221201_A00605_0513_BH55N7DSX5/Sample_VE-3297-D22-00075/VE-3297-D22-00075_S20_L001_R1_001.fastq.gz	/beegfs-storage/projects/wp3/nobackup/WGS/WGS_pilot_CGU202111/THG6/221201_A00605_0513_BH55N7DSX5/Sample_VE-3297-D22-00075/VE-3297-D22-00075_S20_L001_R2_001.fastq.gz	AGATCGGAAGAGCACACGTCTGAACTCCAGTCA,AGATCGGAAGAGCGTCGTGTAGGGAAAGAGTGT
D22-00075	N	Illumina	TACCGAGGAT+AGTTCAGGGT	@A00605	H55N7DSX5	L002	/beegfs-storage/projects/wp3/nobackup/WGS/WGS_pilot_CGU202111/THG6/221201_A00605_0513_BH55N7DSX5/Sample_VE-3297-D22-00075/VE-3297-D22-00075_S20_L002_R1_001.fastq.gz	/beegfs-storage/projects/wp3/nobackup/WGS/WGS_pilot_CGU202111/THG6/221201_A00605_0513_BH55N7DSX5/Sample_VE-3297-D22-00075/VE-3297-D22-00075_S20_L002_R2_001.fastq.gz	AGATCGGAAGAGCACACGTCTGAACTCCAGTCA,AGATCGGAAGAGCGTCGTGTAGGGAAAGAGTGT
D22-00075	N	Illumina	TACCGAGGAT+AGTTCAGGGT	@A00605	H55N7DSX5	L003	/beegfs-storage/projects/wp3/nobackup/WGS/WGS_pilot_CGU202111/THG6/221201_A00605_0513_BH55N7DSX5/Sample_VE-3297-D22-00075/VE-3297-D22-00075_S20_L003_R1_001.fastq.gz	/beegfs-storage/projects/wp3/nobackup/WGS/WGS_pilot_CGU202111/THG6/221201_A00605_0513_BH55N7DSX5/Sample_VE-3297-D22-00075/VE-3297-D22-00075_S20_L003_R2_001.fastq.gz	AGATCGGAAGAGCACACGTCTGAACTCCAGTCA,AGATCGGAAGAGCGTCGTGTAGGGAAAGAGTGT
D22-00075	N	Illumina	TACCGAGGAT+AGTTCAGGGT	@A00605	H55N7DSX5	L004	/beegfs-storage/projects/wp3/nobackup/WGS/WGS_pilot_CGU202111/THG6/221201_A00605_0513_BH55N7DSX5/Sample_VE-3297-D22-00075/VE-3297-D22-00075_S20_L004_R1_001.fastq.gz	/beegfs-storage/projects/wp3/nobackup/WGS/WGS_pilot_CGU202111/THG6/221201_A00605_0513_BH55N7DSX5/Sample_VE-3297-D22-00075/VE-3297-D22-00075_S20_L004_R2_001.fastq.gz	AGATCGGAAGAGCACACGTCTGAACTCCAGTCA,AGATCGGAAGAGCGTCGTGTAGGGAAAGAGTGT
